{
    "name": "root",
    "gauges": {
        "RollerBall.Policy.Entropy.mean": {
            "value": 1.00731360912323,
            "min": 1.0072580575942993,
            "max": 1.010922908782959,
            "count": 4
        },
        "RollerBall.Policy.Entropy.sum": {
            "value": 10032.84375,
            "min": 2911.4580078125,
            "max": 10183.90625,
            "count": 4
        },
        "RollerBall.Environment.EpisodeLength.mean": {
            "value": 199.82474226804123,
            "min": 32.700934579439256,
            "max": 199.82474226804123,
            "count": 4
        },
        "RollerBall.Environment.EpisodeLength.sum": {
            "value": 19383.0,
            "min": 2119.0,
            "max": 19383.0,
            "count": 4
        },
        "RollerBall.Step.mean": {
            "value": 469991.0,
            "min": 439965.0,
            "max": 469991.0,
            "count": 4
        },
        "RollerBall.Step.sum": {
            "value": 469991.0,
            "min": 439965.0,
            "max": 469991.0,
            "count": 4
        },
        "RollerBall.Policy.ExtrinsicValueEstimate.mean": {
            "value": 0.43580707907676697,
            "min": 0.3485442101955414,
            "max": 1.4528477191925049,
            "count": 4
        },
        "RollerBall.Policy.ExtrinsicValueEstimate.sum": {
            "value": 91.51948547363281,
            "min": 60.29814910888672,
            "max": 168.5399169921875,
            "count": 4
        },
        "RollerBall.Environment.CumulativeReward.mean": {
            "value": 0.9630184498370731,
            "min": 0.7339911263436079,
            "max": 1.744189870708129,
            "count": 4
        },
        "RollerBall.Environment.CumulativeReward.sum": {
            "value": 93.41278963419609,
            "min": 22.019733790308237,
            "max": 93.41278963419609,
            "count": 4
        },
        "RollerBall.Policy.ExtrinsicReward.mean": {
            "value": 0.9630184498370731,
            "min": 0.7339911263436079,
            "max": 1.744189870708129,
            "count": 4
        },
        "RollerBall.Policy.ExtrinsicReward.sum": {
            "value": 93.41278963419609,
            "min": 22.019733790308237,
            "max": 93.41278963419609,
            "count": 4
        },
        "RollerBall.Losses.PolicyLoss.mean": {
            "value": 0.246006029211225,
            "min": 0.24071251974351396,
            "max": 0.2493168793120503,
            "count": 4
        },
        "RollerBall.Losses.PolicyLoss.sum": {
            "value": 18.20444616163065,
            "min": 3.9890700689928047,
            "max": 18.20444616163065,
            "count": 4
        },
        "RollerBall.Losses.ValueLoss.mean": {
            "value": 0.22023856698556246,
            "min": 0.0885841589884952,
            "max": 0.6637466604116231,
            "count": 4
        },
        "RollerBall.Losses.ValueLoss.sum": {
            "value": 16.297653956931622,
            "min": 5.757970334252188,
            "max": 23.80204668871403,
            "count": 4
        },
        "RollerBall.Policy.LearningRate.mean": {
            "value": 2.0920057891543243e-05,
            "min": 2.0920057891543243e-05,
            "max": 3.66377752874375e-05,
            "count": 4
        },
        "RollerBall.Policy.LearningRate.sum": {
            "value": 0.0015480842839742,
            "min": 0.000586204404599,
            "max": 0.0023498421167214,
            "count": 4
        },
        "RollerBall.Policy.Epsilon.mean": {
            "value": 0.10697332162162163,
            "min": 0.10697332162162163,
            "max": 0.1122125625,
            "count": 4
        },
        "RollerBall.Policy.Epsilon.sum": {
            "value": 7.916025800000001,
            "min": 1.795401,
            "max": 7.916025800000001,
            "count": 4
        },
        "RollerBall.Policy.Beta.mean": {
            "value": 4.416927594594595e-05,
            "min": 4.416927594594595e-05,
            "max": 6.984155625000001e-05,
            "count": 4
        },
        "RollerBall.Policy.Beta.sum": {
            "value": 0.00326852642,
            "min": 0.0011174649000000002,
            "max": 0.00454806514,
            "count": 4
        },
        "RollerBall.IsTraining.mean": {
            "value": 1.0,
            "min": 1.0,
            "max": 1.0,
            "count": 4
        },
        "RollerBall.IsTraining.sum": {
            "value": 1.0,
            "min": 1.0,
            "max": 1.0,
            "count": 4
        }
    },
    "metadata": {
        "timer_format_version": "0.1.0",
        "start_time_seconds": "1641760855",
        "python_version": "3.8.10 (tags/v3.8.10:3d8993a, May  3 2021, 11:48:03) [MSC v.1928 64 bit (AMD64)]",
        "command_line_arguments": "C:\\Users\\ryanp\\Desktop\\workspace\\Unity\\RollerBallAI\\venv\\Scripts\\mlagents-learn config/rollerball_config.yaml --run-id=RollerBall23 --resume",
        "mlagents_version": "0.27.0",
        "mlagents_envs_version": "0.27.0",
        "communication_protocol_version": "1.5.0",
        "pytorch_version": "1.10.1+cu113",
        "numpy_version": "1.22.0",
        "end_time_seconds": "1641760930"
    },
    "total": 75.2113329,
    "count": 1,
    "self": 0.004114799999996421,
    "children": {
        "run_training.setup": {
            "total": 0.08238710000000005,
            "count": 1,
            "self": 0.08238710000000005
        },
        "TrainerController.start_learning": {
            "total": 75.124831,
            "count": 1,
            "self": 0.02926020000015228,
            "children": {
                "TrainerController._reset_env": {
                    "total": 6.118839,
                    "count": 1,
                    "self": 6.118839
                },
                "TrainerController.advance": {
                    "total": 68.87998829999987,
                    "count": 1623,
                    "self": 0.029275100000077714,
                    "children": {
                        "env_step": {
                            "total": 12.441458699999878,
                            "count": 1623,
                            "self": 10.341845499999698,
                            "children": {
                                "SubprocessEnvManager._take_step": {
                                    "total": 2.0820995000000577,
                                    "count": 1623,
                                    "self": 0.08319650000011425,
                                    "children": {
                                        "TorchPolicy.evaluate": {
                                            "total": 1.9989029999999435,
                                            "count": 1414,
                                            "self": 0.7628175999999796,
                                            "children": {
                                                "TorchPolicy.sample_actions": {
                                                    "total": 1.236085399999964,
                                                    "count": 1414,
                                                    "self": 1.236085399999964
                                                }
                                            }
                                        }
                                    }
                                },
                                "workers": {
                                    "total": 0.01751370000012198,
                                    "count": 1622,
                                    "self": 0.0,
                                    "children": {
                                        "worker_root": {
                                            "total": 70.01930189999983,
                                            "count": 1622,
                                            "is_parallel": true,