{
    "name": "root",
    "gauges": {
        "RollerBall.Policy.Entropy.mean": {
            "value": 1.3706774711608887,
            "min": 1.3553926944732666,
            "max": 1.4115909337997437,
            "count": 9
        },
        "RollerBall.Policy.Entropy.sum": {
            "value": 13651.947265625,
            "min": 13417.8310546875,
            "max": 14449.044921875,
            "count": 9
        },
        "RollerBall.Environment.EpisodeLength.mean": {
            "value": 585.0,
            "min": 34.2887323943662,
            "max": 585.0,
            "count": 9
        },
        "RollerBall.Environment.EpisodeLength.sum": {
            "value": 9360.0,
            "min": 6807.0,
            "max": 11052.0,
            "count": 9
        },
        "RollerBall.Step.mean": {
            "value": 89952.0,
            "min": 9959.0,
            "max": 89952.0,
            "count": 9
        },
        "RollerBall.Step.sum": {
            "value": 89952.0,
            "min": 9959.0,
            "max": 89952.0,
            "count": 9
        },
        "RollerBall.Policy.ExtrinsicValueEstimate.mean": {
            "value": 37.363067626953125,
            "min": 0.10130394250154495,
            "max": 37.363067626953125,
            "count": 9
        },
        "RollerBall.Policy.ExtrinsicValueEstimate.sum": {
            "value": 6127.54296875,
            "min": 25.325984954833984,
            "max": 6127.54296875,
            "count": 9
        },
        "RollerBall.Environment.CumulativeReward.mean": {
            "value": 215.3044106902089,
            "min": 0.3045228934374893,
            "max": 215.3044106902089,
            "count": 9
        },
        "RollerBall.Environment.CumulativeReward.sum": {
            "value": 3444.8705710433424,
            "min": 67.9086052365601,
            "max": 3889.8877764567733,
            "count": 9
        },
        "RollerBall.Policy.ExtrinsicReward.mean": {
            "value": 215.3044106902089,
            "min": 0.3045228934374893,
            "max": 215.3044106902089,
            "count": 9
        },
        "RollerBall.Policy.ExtrinsicReward.sum": {
            "value": 3444.8705710433424,
            "min": 67.9086052365601,
            "max": 3889.8877764567733,
            "count": 9
        },
        "RollerBall.Losses.PolicyLoss.mean": {
            "value": 0.24773190678841084,
            "min": 0.2372579031122538,
            "max": 0.24836047413004195,
            "count": 9
        },
        "RollerBall.Losses.PolicyLoss.sum": {
            "value": 19.570820636284456,
            "min": 18.30351388593699,
            "max": 19.981400232276716,
            "count": 9
        },
        "RollerBall.Losses.ValueLoss.mean": {
            "value": 3.8874815249080417,
            "min": 0.451628627034569,
            "max": 11.90151963520839,
            "count": 9
        },
        "RollerBall.Losses.ValueLoss.sum": {
            "value": 307.1110404677353,
            "min": 35.67866153573095,
            "max": 916.417011911046,
            "count": 9
        },
        "RollerBall.Policy.LearningRate.mean": {
            "value": 0.0002490157309188126,
            "min": 0.0002490157309188126,
            "max": 0.0002969570516472278,
            "count": 9
        },
        "RollerBall.Policy.LearningRate.sum": {
            "value": 0.019672242742586197,
            "min": 0.0196342733552426,
            "max": 0.0241504604498466,
            "count": 9
        },
        "RollerBall.Policy.Epsilon.mean": {
            "value": 0.18300523797468357,
            "min": 0.18300523797468357,
            "max": 0.19898568354430382,
            "count": 9
        },
        "RollerBall.Policy.Epsilon.sum": {
            "value": 14.457413800000001,
            "min": 14.212787200000001,
            "max": 16.350153400000004,
            "count": 9
        },
        "RollerBall.Policy.Beta.mean": {
            "value": 0.00041672566607594934,
            "min": 0.00041672566607594934,
            "max": 0.0004950298493670886,
            "count": 9
        },
        "RollerBall.Policy.Beta.sum": {
            "value": 0.032921327619999996,
            "min": 0.03283931126,
            "max": 0.040275751660000005,
            "count": 9
        },
        "RollerBall.IsTraining.mean": {
            "value": 1.0,
            "min": 1.0,
            "max": 1.0,
            "count": 9
        },
        "RollerBall.IsTraining.sum": {
            "value": 1.0,
            "min": 1.0,
            "max": 1.0,
            "count": 9
        }
    },
    "metadata": {
        "timer_format_version": "0.1.0",
        "start_time_seconds": "1641673925",
        "python_version": "3.8.10 (tags/v3.8.10:3d8993a, May  3 2021, 11:48:03) [MSC v.1928 64 bit (AMD64)]",
        "command_line_arguments": "C:\\Users\\ryanp\\Desktop\\workspace\\Unity\\RollerBallAI\\venv\\Scripts\\mlagents-learn config/rollerball_config.yaml --run-id=RollerBall6",
        "mlagents_version": "0.27.0",
        "mlagents_envs_version": "0.27.0",
        "communication_protocol_version": "1.5.0",
        "pytorch_version": "1.10.1+cu113",
        "numpy_version": "1.22.0",
        "end_time_seconds": "1641674151"
    },
    "total": 226.8204808,
    "count": 1,
    "self": 0.008322700000007899,
    "children": {
        "run_training.setup": {
            "total": 0.0829352000000001,
            "count": 1,
            "self": 0.0829352000000001
        },
        "TrainerController.start_learning": {
            "total": 226.7292229,
            "count": 1,
            "self": 0.13202960000074881,
            "children": {
                "TrainerController._reset_env": {
                    "total": 11.811357000000001,
                    "count": 1,
                    "self": 11.811357000000001
                },
                "TrainerController.advance": {
                    "total": 214.6972291999992,
                    "count": 8851,
                    "self": 0.12658829999989507,
                    "children": {
                        "env_step": {
                            "total": 57.35106859999989,
                            "count": 8851,
                            "self": 47.59418820000189,
                            "children": {
                                "SubprocessEnvManager._take_step": {
                                    "total": 9.677004599998215,
                                    "count": 8851,
                                    "self": 0.38623629999733566,
                                    "children": {
                                        "TorchPolicy.evaluate": {
                                            "total": 9.29076830000088,
                                            "count": 7977,
                                            "self": 4.042173000000515,
                                            "children": {
                                                "TorchPolicy.sample_actions": {
                                                    "total": 5.248595300000364,
                                                    "count": 7977,
                                                    "self": 5.248595300000364
                                                }
                                            }
                                        }
                                    }
                                },
                                "workers": {
                                    "total": 0.07987579999979033,
                                    "count": 8850,
                                    "self": 0.0,
                                    "children": {
                                        "worker_root": {
                                            "total": 216.03260810000037,
                                            "count": 8850,
                                            "is_parallel": true,