{"count":1,"self":50.4768032,"total":546.7083365,"children":{"InitializeActuators":{"count":24,"self":0.0009973,"total":0.0009973,"children":null},"InitializeSensors":{"count":24,"self":0.00099739999999999985,"total":0.00099739999999999985,"children":null},"AgentSendState":{"count":56884,"self":1.0347074,"total":5.1124163,"children":{"CollectObservations":{"count":273048,"self":0.4126029,"total":0.4126029,"children":null},"WriteActionMask":{"count":273048,"self":0.20436949999999998,"total":0.20436949999999998,"children":null},"RequestDecision":{"count":273048,"self":0.6939231,"total":3.4607365,"children":{"AgentInfo.ToProto":{"count":273048,"self":0.78110799999999991,"total":2.7668133999999998,"children":{"GenerateSensorData":{"count":273048,"self":1.9857053999999998,"total":1.9857053999999998,"children":null}}}}}}},"DecideAction":{"count":56884,"self":489.0932224,"total":489.0932231,"children":null},"AgentAct":{"count":56884,"self":1.9852824,"total":2.0228802,"children":{"AgentInfo.ToProto":{"count":1832,"self":0.0069441999999999993,"total":0.0375977,"children":{"GenerateSensorData":{"count":1832,"self":0.0306535,"total":0.0306535,"children":null}}}}}},"gauges":{"RollerBall.CumulativeReward":{"count":1832,"max":3.40005636,"min":-1.18514979,"runningAverage":0.3375151,"value":-0.5310036,"weightedAverage":0.2801321}},"metadata":{"timer_format_version":"0.1.0","start_time_seconds":"1641763791","unity_version":"2020.3.25f1","command_line_arguments":"E:\\Programs\\Unity\\2020.3.25f1\\2020.3.25f1\\Editor\\Unity.exe -projectpath C:\\Users\\ryanp\\Desktop\\workspace\\Unity\\RollerBallAI -useHub -hubIPC -cloudEnvironment production -licensingIpc LicenseClient-IQdXEbup_RjaDJSUjgHDv -hubSessionId 61faa5a0-6f3c-11ec-89da-c53fa6ac8d0c -accessToken WLyNu6zAgUJBuEXb5kP_3x2i4WwGPpS869E16e8W7eY002f","communication_protocol_version":"1.5.0","com.unity.ml-agents_version":"2.0.1","scene_name":"SampleScene","end_time_seconds":"1641764338"}}