{
    "name": "root",
    "gauges": {
        "RollerBall.Policy.Entropy.mean": {
            "value": 1.0134024620056152,
            "min": 1.0134024620056152,
            "max": 1.4122408628463745,
            "count": 43
        },
        "RollerBall.Policy.Entropy.sum": {
            "value": 10263.740234375,
            "min": 9905.9921875,
            "max": 14845.4765625,
            "count": 43
        },
        "RollerBall.Environment.EpisodeLength.mean": {
            "value": 61.59863945578231,
            "min": 55.08571428571429,
            "max": 235.0,
            "count": 43
        },
        "RollerBall.Environment.EpisodeLength.sum": {
            "value": 9055.0,
            "min": 6204.0,
            "max": 13686.0,
            "count": 43
        },
        "RollerBall.Step.mean": {
            "value": 429984.0,
            "min": 9967.0,
            "max": 429984.0,
            "count": 43
        },
        "RollerBall.Step.sum": {
            "value": 429984.0,
            "min": 9967.0,
            "max": 429984.0,
            "count": 43
        },
        "RollerBall.Policy.ExtrinsicValueEstimate.mean": {
            "value": 1.597334384918213,
            "min": -0.2008279412984848,
            "max": 1.597334384918213,
            "count": 43
        },
        "RollerBall.Policy.ExtrinsicValueEstimate.sum": {
            "value": 332.24554443359375,
            "min": -45.18628692626953,
            "max": 337.85198974609375,
            "count": 43
        },
        "RollerBall.Environment.CumulativeReward.mean": {
            "value": 2.870332807435917,
            "min": -0.20857525862208226,
            "max": 2.870332807435917,
            "count": 43
        },
        "RollerBall.Environment.CumulativeReward.sum": {
            "value": 421.9389226930798,
            "min": -34.20634241402149,
            "max": 447.5521238925576,
            "count": 43
        },
        "RollerBall.Policy.ExtrinsicReward.mean": {
            "value": 2.870332807435917,
            "min": -0.20857525862208226,
            "max": 2.870332807435917,
            "count": 43
        },
        "RollerBall.Policy.ExtrinsicReward.sum": {
            "value": 421.9389226930798,
            "min": -34.20634241402149,
            "max": 447.5521238925576,
            "count": 43
        },
        "RollerBall.Losses.PolicyLoss.mean": {
            "value": 0.2498628948918342,
            "min": 0.23724588798769014,
            "max": 0.2503125649317893,
            "count": 43
        },
        "RollerBall.Losses.PolicyLoss.sum": {
            "value": 18.9895800117794,
            "min": 17.260089719375518,
            "max": 19.968115279743813,
            "count": 43
        },
        "RollerBall.Losses.ValueLoss.mean": {
            "value": 0.09830978394524385,
            "min": 0.024337240443630816,
            "max": 0.23877052854103192,
            "count": 43
        },
        "RollerBall.Losses.ValueLoss.sum": {
            "value": 7.471543579838532,
            "min": 1.7522813119414187,
            "max": 18.38533069765946,
            "count": 43
        },
        "RollerBall.Policy.LearningRate.mean": {
            "value": 4.501874025693948e-05,
            "min": 4.501874025693948e-05,
            "max": 0.00029691357025957946,
            "count": 43
        },
        "RollerBall.Policy.LearningRate.sum": {
            "value": 0.0034214242595274006,
            "min": 0.0034214242595274006,
            "max": 0.023283728638757197,
            "count": 43
        },
        "RollerBall.Policy.Epsilon.mean": {
            "value": 0.11500621842105269,
            "min": 0.11500621842105269,
            "max": 0.19897118974358977,
            "count": 43
        },
        "RollerBall.Policy.Epsilon.sum": {
            "value": 8.740472600000004,
            "min": 8.740472600000004,
            "max": 15.761242800000002,
            "count": 43
        },
        "RollerBall.Policy.Beta.mean": {
            "value": 8.353047026315789e-05,
            "min": 8.353047026315789e-05,
            "max": 0.0004949588297435897,
            "count": 43
        },
        "RollerBall.Policy.Beta.sum": {
            "value": 0.00634831574,
            "min": 0.00634831574,
            "max": 0.03883008972,
            "count": 43
        },
        "RollerBall.IsTraining.mean": {
            "value": 1.0,
            "min": 1.0,
            "max": 1.0,
            "count": 43
        },
        "RollerBall.IsTraining.sum": {
            "value": 1.0,
            "min": 1.0,
            "max": 1.0,
            "count": 43
        }
    },
    "metadata": {
        "timer_format_version": "0.1.0",
        "start_time_seconds": "1641759683",
        "python_version": "3.8.10 (tags/v3.8.10:3d8993a, May  3 2021, 11:48:03) [MSC v.1928 64 bit (AMD64)]",
        "command_line_arguments": "C:\\Users\\ryanp\\Desktop\\workspace\\Unity\\RollerBallAI\\venv\\Scripts\\mlagents-learn config/rollerball_config.yaml --run-id=RollerBall23",
        "mlagents_version": "0.27.0",
        "mlagents_envs_version": "0.27.0",
        "communication_protocol_version": "1.5.0",
        "pytorch_version": "1.10.1+cu113",
        "numpy_version": "1.22.0",
        "end_time_seconds": "1641760618"
    },
    "total": 935.1481484,
    "count": 1,
    "self": 0.00402649999989535,
    "children": {
        "run_training.setup": {
            "total": 0.0913333999999999,
            "count": 1,
            "self": 0.0913333999999999
        },
        "TrainerController.start_learning": {
            "total": 935.0527885,
            "count": 1,
            "self": 31.579517900005726,
            "children": {
                "TrainerController._reset_env": {
                    "total": 7.649631300000001,
                    "count": 1,
                    "self": 7.649631300000001
                },
                "TrainerController.advance": {
                    "total": 895.7353588999941,
                    "count": 21949,
                    "self": 0.37536419998866677,
                    "children": {
                        "env_step": {
                            "total": 150.7305359000024,
                            "count": 21949,
                            "self": 127.47629580000168,
                            "children": {
                                "SubprocessEnvManager._take_step": {
                                    "total": 23.02729199999959,
                                    "count": 21949,
                                    "self": 1.0404797999955804,
                                    "children": {
                                        "TorchPolicy.evaluate": {
                                            "total": 21.98681220000401,
                                            "count": 18264,
                                            "self": 9.604633900007986,
                                            "children": {
                                                "TorchPolicy.sample_actions": {
                                                    "total": 12.382178299996024,
                                                    "count": 18264,
                                                    "self": 12.382178299996024
                                                }
                                            }
                                        }
                                    }
                                },
                                "workers": {
                                    "total": 0.22694810000113108,
                                    "count": 21948,
                                    "self": 0.0,
                                    "children": {
                                        "worker_root": {
                                            "total": 896.8148892999926,
                                            "count": 21948,