{
    "name": "root",
    "gauges": {
        "RollerBall.Policy.Entropy.mean": {
            "value": 1.2238452434539795,
            "min": 1.2238452434539795,
            "max": 1.3220850229263306,
            "count": 8
        },
        "RollerBall.Policy.Entropy.sum": {
            "value": 12233.556640625,
            "min": 5785.1611328125,
            "max": 13183.83203125,
            "count": 8
        },
        "RollerBall.Environment.EpisodeLength.mean": {
            "value": 12.16425755584757,
            "min": 11.762148337595908,
            "max": 12.466307277628033,
            "count": 8
        },
        "RollerBall.Environment.EpisodeLength.sum": {
            "value": 9257.0,
            "min": 3905.0,
            "max": 9320.0,
            "count": 8
        },
        "RollerBall.Step.mean": {
            "value": 169998.0,
            "min": 99986.0,
            "max": 169998.0,
            "count": 8
        },
        "RollerBall.Step.sum": {
            "value": 169998.0,
            "min": 99986.0,
            "max": 169998.0,
            "count": 8
        },
        "RollerBall.Policy.ExtrinsicValueEstimate.mean": {
            "value": 0.9177405834197998,
            "min": 0.9160772562026978,
            "max": 0.937993586063385,
            "count": 8
        },
        "RollerBall.Policy.ExtrinsicValueEstimate.sum": {
            "value": 698.4005737304688,
            "min": 306.37127685546875,
            "max": 734.448974609375,
            "count": 8
        },
        "RollerBall.Environment.CumulativeReward.mean": {
            "value": 0.9724047306176085,
            "min": 0.9724047306176085,
            "max": 0.9959893048128342,
            "count": 8
        },
        "RollerBall.Environment.CumulativeReward.sum": {
            "value": 740.0,
            "min": 325.0,
            "max": 779.0,
            "count": 8
        },
        "RollerBall.Policy.ExtrinsicReward.mean": {
            "value": 0.9724047306176085,
            "min": 0.9724047306176085,
            "max": 0.9959893048128342,
            "count": 8
        },
        "RollerBall.Policy.ExtrinsicReward.sum": {
            "value": 740.0,
            "min": 325.0,
            "max": 779.0,
            "count": 8
        },
        "RollerBall.Losses.PolicyLoss.mean": {
            "value": 0.23610997881735174,
            "min": 0.23610997881735174,
            "max": 0.25046132358757606,
            "count": 8
        },
        "RollerBall.Losses.PolicyLoss.sum": {
            "value": 21.486008072379008,
            "min": 9.135602071110897,
            "max": 22.79198044646942,
            "count": 8
        },
        "RollerBall.Losses.ValueLoss.mean": {
            "value": 0.0050445832102599545,
            "min": 0.001580888357817968,
            "max": 0.007832384856205797,
            "count": 8
        },
        "RollerBall.Losses.ValueLoss.sum": {
            "value": 0.4590570721336558,
            "min": 0.14544172891925305,
            "max": 0.7205794067709332,
            "count": 8
        },
        "RollerBall.Policy.LearningRate.mean": {
            "value": 0.00020097967916063076,
            "min": 0.00020097967916063076,
            "max": 0.0002412956090418211,
            "count": 8
        },
        "RollerBall.Policy.LearningRate.sum": {
            "value": 0.0182891508036174,
            "min": 0.009169233143589202,
            "max": 0.021569536910155,
            "count": 8
        },
        "RollerBall.Policy.Epsilon.mean": {
            "value": 0.1669932153846154,
            "min": 0.1669932153846154,
            "max": 0.18043186315789472,
            "count": 8
        },
        "RollerBall.Policy.Epsilon.sum": {
            "value": 15.1963826,
            "min": 6.8564108,
            "max": 16.289844999999996,
            "count": 8
        },
        "RollerBall.Policy.Beta.mean": {
            "value": 0.00033826675538461547,
            "min": 0.00033826675538461547,
            "max": 0.0004041161294736842,
            "count": 8
        },
        "RollerBall.Policy.Beta.sum": {
            "value": 0.030782274740000008,
            "min": 0.01535641292,
            "max": 0.0361402405,
            "count": 8
        },
        "RollerBall.IsTraining.mean": {
            "value": 1.0,
            "min": 1.0,
            "max": 1.0,
            "count": 8
        },
        "RollerBall.IsTraining.sum": {
            "value": 1.0,
            "min": 1.0,
            "max": 1.0,
            "count": 8
        }
    },
    "metadata": {
        "timer_format_version": "0.1.0",
        "start_time_seconds": "1641594859",
        "python_version": "3.8.10 (tags/v3.8.10:3d8993a, May  3 2021, 11:48:03) [MSC v.1928 64 bit (AMD64)]",
        "command_line_arguments": "C:\\Users\\ryanp\\Desktop\\workspace\\Unity\\RollerBallAI\\venv\\Scripts\\mlagents-learn config/rollerball_config.yaml --run-id=RollerBall2 --resume",
        "mlagents_version": "0.27.0",
        "mlagents_envs_version": "0.27.0",
        "communication_protocol_version": "1.5.0",
        "pytorch_version": "1.10.1+cu113",
        "numpy_version": "1.22.0",
        "end_time_seconds": "1641595054"
    },
    "total": 194.9725719,
    "count": 1,
    "self": 0.026568299999979672,
    "children": {
        "run_training.setup": {
            "total": 0.08662020000000004,
            "count": 1,
            "self": 0.08662020000000004
        },
        "TrainerController.start_learning": {
            "total": 194.8593834,
            "count": 1,
            "self": 0.18885330000099998,
            "children": {
                "TrainerController._reset_env": {
                    "total": 7.0827092,
                    "count": 1,
                    "self": 7.0827092
                },
                "TrainerController.advance": {
                    "total": 187.467376699999,
                    "count": 11000,
                    "self": 0.1686195999994311,
                    "children": {
                        "env_step": {
                            "total": 45.83387729999951,
                            "count": 11000,
                            "self": 37.56111830000022,
                            "children": {
                                "SubprocessEnvManager._take_step": {
                                    "total": 8.170437599999943,
                                    "count": 11000,
                                    "self": 0.34726949999988044,
                                    "children": {
                                        "TorchPolicy.evaluate": {
                                            "total": 7.823168100000062,
                                            "count": 6564,
                                            "self": 3.3186326999996663,
                                            "children": {
                                                "TorchPolicy.sample_actions": {
                                                    "total": 4.504535400000396,
                                                    "count": 6564,
                                                    "self": 4.504535400000396
                                                }
                                            }
                                        }
                                    }
                                },
                                "workers": {
                                    "total": 0.10232139999934908,
                                    "count": 10999,
                                    "self": 0.0,
                                    "children": {
                                        "worker_root": {
                                            "total": 188.74858120000007,
                                            "count": 10999,
                                            "is_parallel": true,
                                            "self": 160.1305699999989,